id,valid_cnt_in,valid_mny_in,valid_tax_in,cancel_cnt_in,cancel_mny_in,cancel_tax_in,cancel_cnt_rate_in,cancel_mny_rate_in,negative_rate_in,valid_cnt_out,valid_mny_out,valid_tax_out,cancel_cnt_out,cancel_mny_out,cancel_tax_out,cancel_cnt_rate_out,cancel_mny_rate_out,negative_rate_out,profit,debt,profit_estimation,p_growth_rate,p_acceleration,tax_estimation,t_growth_rate,t_acceleration,bill_cnt_in,bill_cnt_out,bill_cnt_year,partner_kurt_in,mny_wave_in,time_wave_in,partner_kurt_out,mny_wave_out,time_wave_out,credit_score,type_WOE,target
E1,0.103327607,1,1,0.747035573,0,0,0.564777682,0.937739462,0.85140043,0.332798514,1,0,0.812865497,0.490974568,0.532704109,0.959950678,0.956901351,0.908043791,0,1,0,0.242275548,0.1210502,1,0.78448307,0.530979265,0.107322039,0.452277505,0.246578934,0.767671761,0,0.903382829,0.575034957,0,0.908430905,1,1,0
E2,1,0.027114014,0.007529521,0.050065876,0.959958909,0.986829151,0.825108844,0.909640063,0.966254177,0.49235771,0.145310869,0.943972071,0.129490393,0.623035617,0.861103897,0.881097033,0.797748687,0.902271752,0.640791408,0.456755997,1,0.417720542,0.119445047,0,0.603486077,0.536765573,1,0.745620182,1,0.540869769,0.994221786,0.792481557,0.759619384,0.906065154,0.826291055,1,0.926443303,0
E3,0.138894191,0.009056463,0.002409619,0.744400527,0.985574369,0.994986262,0.66823065,0.902944436,0.959514541,1,0.140228554,0.856362674,0.678362573,0.891309235,0.890224047,0.97681012,0.93508876,0.398295904,0.665972592,0.344017728,0.729345026,0.229949266,0.118809155,0.093178924,0.794856604,0.541531976,0.132480186,1,0.469616736,0.572405552,0.986841613,0.522349809,0.710033203,0.741608675,0.611472362,0.333333333,0.972219177,0
E4,0.016542597,0.03827469,0.038855469,0.951251647,0.506251421,0.505125628,0.482795696,0.4413189,0.947792708,0.086007431,0.452538385,0.51552517,0.841269841,0,0,0.876512774,0.825162523,0.986036257,1,0,0.65825667,0.126783087,0.118022489,0.192239826,0.886894025,0.545556787,0.013451611,0.022704975,0.018193257,0.655420981,0.5507056,0.80348917,0.738907743,0.459786386,0.716174527,0.333333333,0.926443303,0
E5,0.066265827,0.034429041,0.033078589,0.88801054,0.981051636,0.984125108,0.694329185,0.96515823,0.941266795,0.04226482,0.049829366,0.951550428,0.954051796,0.952286825,0.952349514,0.924764152,0.920411461,0.968490878,0.510376766,0.508637196,0.625188479,0.520859412,0.12751718,0.230980307,0.660579446,0.537206344,0.087399113,0.018640505,0.069994233,0.710192871,0.909688816,0.893670535,0.440201409,0.286834853,0.861611904,0.666666667,0.926443303,0
E6,0.343990583,0.052619303,0.021154389,0.310935441,0.915726252,0.958361551,0.640169354,0.902443351,0.949694838,0.038380341,0.090118286,0.953447204,0.883876358,0.745939141,0.884921614,0.808412547,0.782075536,0.920226359,0.528354969,0.490882747,0.638573056,0.279414984,1,0.178785244,0.450436032,0.562268707,0.301825056,0.047792572,0.235516175,0.606002423,0.978863239,0.838575388,0.705899621,0.144477964,0.919243497,1,0.926443303,0
E7,0.402175988,0.010395669,0.004222399,0.401844532,0.986402503,0.994935567,0.729617469,0.919475824,0.757430992,0.338963013,0.126153277,0.868392275,0.902255639,0.924820198,0.924447899,0.979181494,0.949725505,0.247364708,0.646293419,0.361359997,0.631156947,0.204674878,0.117041348,0.214222567,0.816804659,0.549558146,0.355267942,0.289278206,0.364389451,0.597781123,0.994742089,0.298528676,0.631986409,0.530494627,0.872952176,1,0.972219177,0
E8,0.69275307,0.028271732,0.0089625,0,0.953906087,0.984774657,0.737300321,0.900791124,0.975644025,0.352769802,0.088261225,0.965383381,0.109440267,0.72771106,0.894058006,0.836,0.763888803,0.906049367,0.568464386,0.484613581,0.716387296,0.394660912,0.115515593,0.174514311,0.620009914,0.563271852,0.657892823,0.368185004,0.612121848,0.658843117,0.985257746,0.894459157,0.776530993,0.911365877,0.854657852,1,0.926443303,0
E9,0.13354966,0.00427095,0.002012775,0.876152833,0.998378853,0.999624498,0.829210342,0.975815918,0.956275307,0.243033271,0.078596061,0.921269471,0.878028404,0.942281184,0.945337737,0.964155097,0.938399893,0.932928239,0.598346795,0.420510656,0.747193318,0.264870652,0.118825462,0.077476732,0.767707144,0.541897491,0.115247582,0.262789068,0.181408273,0.646645132,0.99448077,0.902448125,0.531484723,0.9184231,0.849472633,1,0.972219177,0
E10,0.122765159,0.000895481,0.000306086,0.687747036,0.99538171,0.998652006,0.5487918,0.721494097,0.940103628,0.02161797,0.08381998,0.983201465,0.956558062,0.83503656,0.964361503,0.867253521,0.842834031,0.987726098,0.610662974,0.491269277,0.651228372,0.240791498,0.117982658,0.23195477,0.767047581,0.544662553,0.131680361,0.021583742,0.103025219,0.748968457,0.99910297,0.895436356,0.448697607,0.214827347,0.253980822,0.666666667,1,0
E11,0.086339632,0.023189833,0.012306826,0.84057971,0.95345473,0.970950052,0.667207337,0.879497534,0.939889503,0.04420706,0.036500363,0.977705218,0.944862155,0.976313443,0.986392539,0.914324082,0.945382328,0.996986996,0.51352103,0.504873243,0.58475982,0.279414984,0.114040409,0.239796289,0.774259359,0.553014558,0.128626481,0.082130343,0.123472972,0.826988281,0.978378459,0.906361176,0.712914671,0.517368355,0.767548361,0.333333333,0.972219177,0
E12,0.055863078,0.01546666,0.007383623,0.948616601,0.930337392,0.985966387,0.830623608,0.751586224,0.949686963,0.010935653,0.055007209,0.969470736,0.981620718,0.888961712,0.943719822,0.888070176,0.839121929,0.987959444,0.549778758,0.486823063,0.746548314,0.182156342,0.119316599,0.179907382,0.84643755,0.538501856,0.077146804,0.011913104,0.060084937,0.724682335,0.944456786,0.54808672,0.910495206,0.518721564,0.988215981,0.666666667,1,0
E13,0.421645352,0.016019656,0.012986505,0.718050066,0.973850928,0.978532139,0.876070979,0.90068109,0.979479443,0.287282554,0.052245241,0.950183718,0,0.840227959,0.852220788,0.783179263,0.765728168,0.965579711,0.545411791,0.473297208,0.724436558,0.469622103,0.121620389,0.11164238,0.601861444,0.543435544,0.436850142,0.273300631,0.417239029,0.5973985,0.992456317,0.928517639,0.783308594,0.725068465,0.507477732,1,1,0
E14,0.207609595,0.019382673,0.01539978,0.275362319,0.946664046,0.955696466,0.393810932,0.839044417,0.864562585,0.130594494,0.051416195,0.948361133,0.800334169,0.882894479,0.886400928,0.896118105,0.82028933,0.956032721,0.538533771,0.475180155,0.656886971,0.302988814,0.120222015,0.19171899,0.742883905,0.537906994,0.187159165,0.149404345,0.190845698,0.619921777,0.983229363,0.416789782,0.696766405,0.638474088,0.881166024,0.333333333,1,0
E15,0.002894955,0.000737757,0.000633057,1,1,1,1,1,1,0.09525418,0.052090184,0.987710755,0.873015873,0.918398243,0.978209797,0.908623549,0.872922144,1,0.571832149,0.497178428,0.638543754,0.266311716,0.118360357,0.236432326,0.748673141,0.556900175,0.005089799,0.089978977,0.037330257,0.804855882,0.988781548,0.907383151,0.56639688,0.969638895,0.857741212,1,1,0
E16,0.009162054,4.82E-05,1.74E-05,0.998682477,0.999997787,0.999999589,0.973103447,0.997040049,0.976470586,0.016297923,0.051496476,0.993447669,0.959064327,0.859112316,0.987570165,0.838154898,0.787864981,1,0.572301199,0.502965184,0.671461125,0.302348538,0.114731049,0.231663818,0.742327548,0.548606199,0.013742456,0.0168185,0.016200912,0.886581942,0.999502684,0.44681853,0.631884736,0.306073417,0.838622134,1,1,0
E17,0.22720621,0.02270964,0.01379427,0.440052701,0.94460784,0.962793511,0.56197146,0.855770721,0.913369734,0.023517987,0.038109304,0.97928652,0.903926483,0.821226494,0.894799926,0.753328403,0.661282788,0.926619131,0.516340169,0.509249025,0.620706195,0.279414984,0.124356391,0.240560318,0.731432452,0.527977019,0.232967353,0.028591451,0.178681906,0.350642571,0.98939971,0.897809957,0.789304157,0.244930335,0.884061538,1,0.972219177,0
E18,0.173506394,0.022268499,0.011001101,0.591567852,0.955612663,0.973498339,0.580572417,0.880270922,0.961356552,0.014397906,0.046163228,0.984307726,0.969924812,0.88939306,0.968396135,0.862992126,0.81180676,0.981642514,0.52703444,0.510531008,0.601727876,0.279414984,0.117932511,0.254890944,0.702317917,0.557327741,0.187886279,0.014996496,0.141089498,0,0.983992648,0.688657962,0.648839306,0.26421672,0.165402237,1,0.972219177,0
E19,0.047178215,0.031891703,0.032389907,0.947299078,0.963983555,0.963138853,0.795275591,0.930019874,0.986253372,0.118941057,0.044372049,0.954690692,0.767752715,0.890523717,0.89307605,0.869925782,0.806739208,0.925912797,0.508069328,0.511214593,0.61420099,0.473051283,0.150077573,0.246219715,0.708861946,0.485488627,0.035192322,0.109740715,0.066428983,0.655188565,0.944644092,0.826623348,0.778285331,0.924451268,0.961051789,1,0.926443303,0
E20,0.033085194,0.030908364,0.029980971,0.882740448,0.92155379,0.925385784,0.385663715,0.850440379,0.980403461,0.030949164,0.04717162,0.952123693,0.966583124,0.923956238,0.924765377,0.925353926,0.869466547,1,0.513232025,0.504120749,0.62184371,0.355634091,0.122224718,0.236730077,0.694218737,0.533179884,0.023485785,0.012053259,0.021443926,0.699495544,0.913828663,0.859981521,0.634644864,0.176907873,0.915125656,0.666666667,1,0
E21,0.068238213,0.019980555,0.009417521,0.781291173,0.93082295,0.974952285,0.439965397,0.802338239,0.930288909,0.060124979,0.029115314,0.982126922,0.968253968,0.982104319,0.988784784,0.962414734,0.948198767,0.897992531,0.510007849,0.505281239,0.647797087,0.645948167,0.153562493,0.200019539,0.442223361,0.522906157,0.080636952,0.127259986,0.105751586,0.725317208,0.976526648,0.902022082,0.805263593,0.971052008,0.810923297,0.666666667,0.972219177,0
E22,0.048323471,0.011474155,0.010046899,0.881422925,0.969862186,0.972610257,0.563975156,0.845697879,0.901578949,0.057507178,0.027521794,0.982691782,0.83625731,0.904799789,0.941535479,0.818053777,0.738950576,0.972181552,0.52285671,0.507008843,0.632673291,0.372852509,0.118826425,0.231977145,0.615171509,0.545035402,0.052206791,0.103994394,0.076548,0.75382245,0.97969114,0.322688301,0.777128491,0.946469952,0.885004468,1,1,0
E23,0.15273271,0.030250538,0.030466785,0.803689065,0.99248765,0.992998535,0.765259546,0.984098848,0.893794255,0.145119068,0.0450595,0.954478335,0.931495405,0.981672686,0.983109235,0.966250355,0.965422584,0.965949821,0.511774457,0.507735078,0.619073102,0.24090643,0.114843714,0.240698406,0.802249374,0.562144784,0.116410965,0.137351086,0.135322183,0.631186548,0.957949746,0.862011673,0.664464588,0.906345648,0.892418867,0.666666667,1,0
E24,0.063720812,0.013105955,0.012248203,0.943346509,0.991934854,0.994176859,0.836150462,0.96113654,0.945708583,0.068991724,0.034552716,0.978305469,0.879699248,0.928490431,0.957173603,0.882828282,0.835399972,0.945868946,0.528680421,0.505488427,0.653780151,0.338192893,0.117902444,0.225386109,0.635928168,0.541346688,0.079691704,0.108619481,0.098096786,0.771630496,0.975962463,0.934851169,0.672934191,0.95334072,0.944557482,1,0.972219177,0
E25,0.044219635,0.001562354,0.001151592,0.974967062,0.998709891,0.999501276,0.894893619,0.948258482,0.970668581,0.034200304,0.009336734,0.990776153,0.86299081,0.975948057,0.977791412,0.756850715,0.799183646,0.910524161,0.517704602,0.501692583,0.622871081,0.229165104,0.114418092,0.232552705,0.771257652,0.561200653,0.04697157,0.040644709,0.049074608,0.789954502,0.992678377,0.846495778,0.804865562,0.359490423,0.680972807,0.333333333,0.972219177,0
E26,0.024082204,0.006454283,0.006232591,0.956521739,0.993124239,0.993729484,0.674589124,0.933833069,0.991029025,0.018831279,0.009004935,0.990864163,0.954887218,0.977634332,0.978460137,0.844642857,0.8057073,0.985925927,0.508777011,0.510323319,0.617479757,0.169336821,0.119153546,0.242212018,0.903365708,0.528639261,0.015632953,0.022985284,0.019871022,0.613043085,0.979582686,0.636749306,0.723941748,0.943812978,0.615074981,1,0.972219177,0
E27,0.078704587,0.007706534,0.005169542,0.881422925,0.987459707,0.991127503,0.726315791,0.900972574,0.939555555,0.058478298,0.010827504,0.992728163,0.934001671,0.988987015,0.992880848,0.921968665,0.915712344,0.945284376,0.508842607,0.510755337,0.61711468,0.279414984,0.182451145,0.242739239,0.250817471,1,0.084490657,0.075823406,0.089288523,0.594512594,0.992039161,0.857251703,0.707204352,0.91976796,0.912221531,1,0,0
E28,0.004930966,0.000221395,0.000159669,0.9828722,0.999527987,0.999546648,0.399999998,0.872590381,1,0.021997973,0.012050239,0.992503197,0.963241437,0.973444039,0.983357761,0.887873462,0.82570901,1,0.523383976,0.502081144,0.671827268,0.446068154,0.120295041,0.196214045,0.59364579,0.533221435,0.006834872,0.036159776,0.018455408,0.832616676,0.995258933,0.83650412,0.761590033,0.870301238,0.931124878,0.666666667,0.972219177,0
E29,0.001495196,2.79E-05,2.91E-05,0.997364954,0.99999879,0.999999026,0.688,0.997205549,1,0.019633508,0.011101303,0.997147643,0.994987469,0.997153019,0.999262268,0.98168421,0.978074736,1,0.522551393,0.507383251,0.634020534,0.838244953,0.119193721,0.234736031,0.194297355,0.509031108,0.000436268,0.035178697,0.013474545,0.826645077,0.99447592,0.317140788,0.545318038,0.982764728,0.868809969,0.333333333,1,1
E30,0.023509576,0.00368243,0.003432621,0.981554677,0.99559495,0.995905882,0.855172416,0.926056274,0.98162162,0.03137139,0.017575297,0.98954618,0.95572264,0.969839916,0.981607152,0.9039375,0.861654429,1,0.524166404,0.50405809,0.640920434,0.233815451,0.120709864,0.232513517,0.875594672,0.541143669,0.031193194,0.039383322,0.037225397,0.862229913,0.988621833,0.895037542,0.52481196,0.962395502,0.913428325,0.666666667,0.972219177,0
E31,0.012820513,0.000767888,0.000725044,0.989459816,0.999800694,0.999896927,0.848543687,0.98338887,0.983168314,0.105429826,0.011620413,0.988953982,0.910609858,0.988882603,0.989563181,0.94050997,0.920521084,0.99240304,0.521902589,0.498810687,0.63957999,0.343113795,0.119429814,0.215569968,0.693018689,0.539242129,0.010979423,0.109320252,0.048812457,0.621132191,0.993378786,0.901076033,0.616257523,0.935038235,0.875262108,1,0.972219177,0
E32,0.08939365,0.000409374,0.000213338,0.980237154,0.999710444,0.999949724,0.958598723,0.955488027,0.98548559,0.019591285,0.010850196,0.997906461,0.929824561,0.98155987,0.996602782,0.779347826,0.862937605,0.986467237,0.521577638,0.508594407,0.642183879,0.398678746,0.119914828,0.235637209,0.605335047,0.533915207,0.121500763,0.035038542,0.100718293,0.753776612,0.999090989,0.855642377,0.771063061,0.974475186,0.870777837,0.666666667,1,0
E33,0.036011962,0.011947748,0.001128678,0.789196311,0.933156944,0.99020918,0.034802781,0.702024052,0.91597529,0.038338119,0.017112408,0.992368776,0.865497076,0.928702784,0.971322285,0.782432433,0.69358652,0.95138889,0.509202929,0.503547384,0.618381366,0.279414984,0.118709675,0.226199265,0.795792599,0.535442925,0.017668872,0.027470217,0.02301683,0.826345191,0.979756914,0.901220013,0.849563831,0.934546221,0.847037573,0.666666667,0,0
E34,0.065852262,0.008594091,0.003894881,0.686429513,0.953623865,0.979350589,0.196015592,0.710783394,0.85552873,0.024995778,0.022213998,0.991758382,0.90726817,0.97083521,0.98601331,0.77234795,0.89244315,0.984060403,0.521330361,0.507463566,0.615006756,0.279414984,0.111435929,0.23904091,0.751641142,0.558760571,0.112266415,0.015977575,0.086929167,0.846213678,0.987515049,0.713586326,0.596466296,0.481050913,0.808785982,0.666666667,0.972219177,0
E35,0.020105618,0.005214722,0.003912291,0.95256917,0.982740851,0.987067776,0.580269059,0.810070127,0.871090048,0.030949164,0.008611928,0.994337546,0.972431078,0.991610793,0.994140033,0.937857143,0.919150944,0.991406604,0.510451185,0.510558797,0.620129628,0.644627438,0.124377373,0.24448565,0.731432452,0.622199927,0.016941758,0.038402242,0.026582079,0.549644804,0.984418933,0.809098868,0.607510552,0.912719473,0.752337036,0.666666667,1,0
E36,0.049659604,0.003404204,0.003183899,0.902503294,0.9947918,0.995221678,0.647188262,0.906567634,0.973879643,0.060167201,0.008651005,0.99215747,0.901420217,0.983298882,0.986022413,0.889398836,0.845735357,0.920223934,0.513652128,0.506744932,0.622400282,0.367279154,0.115915615,0.236420934,0.669007098,0.555299114,0.059114375,0.07596356,0.071042835,0.705471236,0.994198395,0.891620875,0.671239113,0.931911791,0.945825384,0,0.972219177,1
E37,0.018801298,0.007570045,0.007378071,0.965744401,0.991838813,0.99197274,0.671844663,0.93307015,0.97702703,0.049822665,0.010677648,0.989506296,0.925647452,0.969888809,0.97232215,0.898625294,0.782159362,0.962556307,0.508895595,0.510631295,0.62073357,0.394966234,0.118487819,0.238470149,0.656974043,0.544553263,0.017087181,0.041205326,0.027735542,0.812213698,0.98365411,0.889024503,0.810132407,0.909322195,0.894738578,0.666666667,0,0
E38,0.030444741,0.002109701,0.001167264,0.956521739,0.987685211,0.997165593,0.740262363,0.691461949,0.971607518,0.023137983,0.011883731,0.997217461,0.936507937,0.964533829,0.989386178,0.824522293,0.770858972,0.97705314,0.519890522,0.509376075,0.623918131,0.333240065,0.118466526,0.238949918,0.731432452,0.506301763,0.044135825,0.033216538,0.044251035,0.768594732,0.984990073,0.57835529,0.794485102,0.950754994,0.786057401,0.666666667,0.972219177,0
E39,0.008843927,6.09E-05,2.58E-05,0.996047431,0.999996122,0.999999081,0.917021275,0.99589864,1,0.009795643,0.00716598,0.994079697,0.976608187,0.98183335,0.984940711,0.846212121,0.802117765,0.919491525,0.517643807,0.503730519,0.625803391,0.295806336,0.133181754,0.23511812,0.768477654,0.472504844,0.010979423,0.011632796,0.012268652,0.792658574,0.998534604,0.601511502,0.494097659,0.511236105,0.944174148,0.333333333,1,0
E40,0.097569511,0.000743362,0.000241437,0.894598155,0.998420042,0.999600145,0.801778904,0.872936325,0.924641462,0.033609188,0.008287584,0.998773122,0.930659983,0.991300013,0.99830329,0.863703284,0.913143297,0.83375,0.517837743,0.509671815,0.643207711,0.465079389,0.119591568,0.241749962,0.763797512,0.617194501,0.113647931,0.049894884,0.100613433,0.728695938,0.998532047,0.722810369,0.82924076,0.918124109,0.685740081,0.333333333,1,0
E41,0.062575555,0.000884971,0.000340949,0.914361001,0.997811389,0.99945585,0.750614851,0.853943663,0.955081301,0.025375781,0.00799637,0.998759712,0.95154553,0.981334824,0.997616785,0.873152338,0.816377457,0.905785124,0.517232241,0.509822857,0.630264125,0.37557776,0.118405126,0.241360506,0.385002999,0.603124588,0.066312804,0.042606868,0.063755046,0.760173802,0.997933304,0.750421688,0.634111291,0.930357444,0.88287945,0.333333333,0.926443303,0
E42,0.001463384,1.77E-06,1.49E-06,1,1,1,1,1,1,0.012244553,0.00644393,1,0.972431078,0.981913116,1,0.853669725,0.783176747,0.935374151,0.516856915,0.510727636,0.641381759,0.838244953,0.118979468,0.242338381,0.194297355,0.540059616,0.003199302,0.022284513,0.010643318,0.447745758,0.999951383,0.800868398,0.882331001,0.960909195,0.97336094,1,1,0
E43,0.00213145,0.000586212,0.000591822,0.986824769,0.996069375,0.996107019,0,0.654952272,0,0.008866745,0.004501415,0.997822523,0.974101921,0.98400561,0.993895895,0.816530612,0.733150931,0.926012461,0.513445125,0.509129736,0.620066713,0.838244953,0.114983623,0.24024051,0.194297355,0.562712566,0.003272013,0.015977575,0.008336392,0.938803967,0.966155049,0.736716395,0.834857237,0.947917982,0.953894962,0.666666667,0.972219177,0
E44,0.038843291,0.005201117,0.005040623,0.965744401,0.997991403,0.998092682,0.837500002,0.975400816,0.988870705,0.094494173,0.008069309,0.992261896,0.838763576,0.98860534,0.989628685,0.885071869,0.884847772,0.919491525,0.509806123,0.509984725,0.618500726,0.279414984,0.13694531,0.241030585,0.731432452,0.434214929,0.036719261,0.047372109,0.044198605,0.636412531,0.98602028,0.815406822,0.684691838,0.9478138,0.674102671,0.333333333,1,0
E45,0.018801298,0.004150798,0.003440186,0.989459816,0.999034086,0.999016143,0.896000002,0.985091102,1,0.012709002,0.00602124,0.994612765,0.983291562,0.990056993,0.991318522,0.91076923,0.866652944,0.927322403,0.50911097,0.510093757,0.618056495,0.219096683,0.120697011,0.241752943,0.808344276,0.532395027,0.022395114,0.029011913,0.02700152,0.688419308,0.985667638,0.88484135,0.862886744,0.935172704,0.909288246,0.666666667,1,1
E46,0.079245403,0.008635704,0.003463454,0.931488801,0.989519521,0.996113005,0.840566034,0.925028589,0.953611556,0.037366999,0.014398049,0.9944113,0.92898914,0.969228664,0.987677832,0.873459959,0.830521931,0.86464192,0.511625106,0.509893308,0.620010999,0.242371582,0.126834748,0.243073616,0.731432452,0.542787902,0.0624591,0.034337772,0.057882871,0.700925497,0.989382117,0.906423436,0.804797971,0.927114582,0.941451745,0.333333333,0.926443303,0
E47,0.08939365,0.007199842,0.007353712,0.876152833,0.988516206,0.988842519,0.747607576,0.902820993,0.973390254,0.141530147,0.012196215,0.987412665,0.864661654,0.98155766,0.981881997,0.933229108,0.877135416,0.980184745,0.511411818,0.508101586,0.618758667,0.221552393,0.118858887,0.240803688,0.803133693,0.541339698,0.054897113,0.122074282,0.085251403,0.470377604,0.990501783,0.907113285,0.637302944,0.943432524,0.9146755,0.333333333,0.972219177,0
E48,0.038461538,0.002194213,0.001983694,0.967061924,0.998045704,0.998223811,0.842105263,0.944324326,0.971900829,0.040364803,0.012303914,0.988485153,0.953216374,0.982916187,0.98361072,0.92007874,0.886627009,0.980208333,0.52026121,0.500365424,0.641593928,0.460688466,0.115459564,0.212574935,0.594412657,0.557529855,0.040863812,0.071058164,0.056047816,0.19950289,0.993996906,0.877608435,0.718493413,0.927108317,0.962639275,1,0.972219177,0
E49,0.11188522,0.004050497,0.00137874,0.872200264,0.981809797,0.996306361,0.790705392,0.752209109,0.963274587,0.019295727,0.009063742,0.996335174,0.956558062,0.974262272,0.990060923,0.853021443,0.780834481,0.910701374,0.513035372,0.508682108,0.616265544,0.184119014,0.120268104,0.236960642,0.760901378,0.5186795,0.131316804,0.01779958,0.101347455,0.70951449,0.995199365,0.868815365,0.816450835,0.939110864,0.773910348,0.333333333,0.926443303,0
E50,0.005885347,0.000295744,0.000202361,0.985507246,0.995464944,0.996426676,0.564467008,0.374884111,0.963440861,0.010597872,0.004692304,0.998393148,0.974937343,0.987275694,0.99678791,0.847368421,0.789864796,0.776470589,0.514186199,0.509154544,0.620536282,0.574335514,0.105862107,0.241012999,0.289649354,0.607047166,0.006834872,0.025648213,0.014523148,0.861167581,0.981470011,0.089061543,0.934782091,0.951237409,0.68180191,0.333333333,1,0
E51,0.014315709,0.003548969,0.002430518,0.997364954,0.999228554,0.999322462,0.965562914,0.986065447,0.939689576,0.035044756,0.006810601,0.995690401,0.949039265,0.9904619,0.994299645,0.901173184,0.885764298,0.988609114,0.511131826,0.50968055,0.626134488,0.474405985,0.127887847,0.235709708,0.566637753,0.48418674,0.014760416,0.05816398,0.032401825,0.687419485,0.986653589,0.840739578,0.536079852,0.920947972,0.913049098,0.666666667,1,0
E52,0.012979576,0.002837058,0.002394747,0.978919631,0.99683011,0.997561942,0.706352939,0.930735198,0.966748163,0.011906773,0.00460988,0.996062592,0.922305764,0.981153892,0.982965441,0.64419525,0.698850774,0.944638696,0.509659244,0.510062972,0.620980454,0.279414984,0.126428194,0.237857376,0.731432452,0.511327003,0.018832255,0.028451296,0.024222723,0.835916426,0.971525301,0.199524436,0.554874136,0.922321065,0.405502067,0,1,1
E53,0.019023987,0.005681551,0.002579594,0.959156785,0.99044407,0.995231061,0.616190477,0.897845124,0.988647747,0.016551258,0.008837972,0.996589468,0.95154553,0.975091211,0.990822121,0.814757709,0.782305745,0.968013468,0.50991685,0.510999485,0.627840665,0.676530282,0.139647753,0.240213352,0.731432452,0.802903318,0.019268523,0.02957253,0.024956745,0.859892317,0.989935028,0.909348309,0.876392596,0.782210727,0.639649133,0.333333333,0.926443303,0
E54,0.049436915,0.001307347,0.000731409,0.882740448,0.994093344,0.998709603,0.577737226,0.750934639,0.912540195,0.135576761,0.008273593,0.993937222,0.76106934,0.979331107,0.984876018,0.88154813,0.804698664,0.963556246,0.516838393,0.504745263,0.633746948,0.312132539,0.120815868,0.225060155,0.728760434,0.527184151,0.051843234,0.149544499,0.093325644,0.563727607,0.996407168,0.887226976,0.752146482,0.947316298,0.961861346,1,0.926443303,0
E55,0.023891328,0.001771465,0.000765689,0.906455863,0.993753083,0.996414282,0.327095988,0.799112421,0.728723405,0.01853572,0.005748098,0.996541534,0.877192982,0.984741374,0.992796738,0.638728814,0.79378786,0.471030852,0.512917636,0.507898699,0.623541558,0.532889929,0.159461246,0.233604429,0.315942945,0.756168513,0.033810805,0.026489138,0.034289309,0.526462674,0.9891364,0.899172766,0.680956218,0.922082634,0.758548972,0.333333333,0.972219177,0
E56,0.036616403,0.004271841,0.004055998,0.93544137,0.985749353,0.98663441,0.681765194,0.808734126,0.958680555,0.019169059,0.006449294,0.993861171,0.96908939,0.989160078,0.990265495,0.891616161,0.864418067,0.944687045,0.509427745,0.510233646,0.622885838,0.279414984,0.112873412,0.235484493,0.916434523,0.572307289,0.041445503,0.028311142,0.040476066,0.574395749,0.986439636,0.896766135,0.777426468,0.923687672,0.922223867,0.333333333,0.972219177,0
E57,0.003849335,0.004856645,0.004392117,0.989459816,0.99481327,0.994873354,0.519999996,0.933674255,1,0.016129032,0.007864491,0.992451236,0.956558062,0.974335183,0.977185043,0.827853881,0.752109722,0.926165804,0.51015355,0.509121586,0.607450904,0.279414984,0.102301273,0.254428436,0.731432452,0.604288567,0.003926416,0.026348984,0.012688093,0.908186319,0.857753014,0.740201913,0.832466621,0.953873726,0.932171495,0.666666667,0.972219177,0
E58,0.041738245,0.001176871,0.000393215,0.948616601,0.995991631,0.99668038,0.774999998,0.80518716,0.948210207,0.011822327,0.005544863,0.997607753,0.913116124,0.950738112,0.979058209,0.611340206,0.441482802,0.93309859,0.513702568,0.508541155,0.624541462,0.355511838,0.123577763,0.236374733,0.498232535,0.55501578,0.047698684,0.017659425,0.041000367,0.767341125,0.992026161,0.553151905,0.834490732,0.94274178,0.888193724,0.666666667,0.972219177,0
E59,0.016892537,0.003185031,0.00323384,0.977602108,0.995338253,0.995491219,0.758469942,0.91040171,0.987218047,0.087105219,0.006562805,0.993340424,0.931495405,0.991230066,0.99189771,0.944671941,0.890725086,0.996935978,0.511460182,0.508234987,0.619560343,0.22077388,0.118045316,0.240005563,0.804076841,0.545350907,0.014687705,0.020882971,0.018402978,0.804657353,0.990945405,0.931762364,0.789205602,0.959581042,0.865342826,1,1,0
E60,0.016828911,0.000820208,0.000742571,0.989459816,0.999524908,0.999551032,0.884014873,0.963371799,1,0.017733491,0.00195144,0.999622158,0.925647452,0.977471412,0.995835702,0.748440545,0.330199025,0.992531445,0.509894926,0.511522039,0.622727842,0.279414984,0.124214264,0.241025432,0.731432452,0.528839692,0.012506362,0.028451296,0.019661301,0.286556955,0.993308722,0.286058588,0.797653275,0.942033323,0.546611343,0.666666667,1,0
E61,0.006617039,0.000144494,0.000113829,0.996047431,0.999956668,0.999960882,0.889622644,0.980841372,0.93492823,0.082376288,0.004142916,0.997143079,0.96908939,0.997587412,0.998878676,0.973067269,0.950943404,0.935208866,0.513772486,0.507519947,0.622632905,0.301986669,0.118492566,0.238816244,0.747864883,0.55270365,0.007780121,0.071899089,0.032506685,0.727259463,0.998237214,0.856311005,0.667572787,0.998245741,0.939523097,0.666666667,0.972219177,0
E62,0.016733473,0.00020468,7.03E-05,0.996047431,0.999763182,0.999752171,0.955849059,0.928392533,1,0.007895626,0.002325491,0.999100112,0.976608187,0.989802939,0.996242797,0.814611872,0.680898441,0.602094242,0.511427788,0.509773295,0.617475542,0.225357864,0.11680877,0.242173705,0.774553283,0.548511413,0.014251436,0.007288017,0.013002674,0.676472538,0.997353102,0.541508097,0.773617693,0.921304935,0.881167929,0.666666667,1,0
E63,0.048514348,0.0061953,0.004309867,0.938076416,0.997020139,0.997799901,0.766942146,0.969471006,0.875229357,0.026220233,0.011576617,0.987556267,0.959899749,0.983219553,0.983129216,0.896582466,0.881935544,0.9848,0.512397474,0.503164607,0.617595119,0,0.098623586,0.242322371,1,0.548904711,0.014033302,0.000981079,0.010486027,0.70493132,0.989920272,0.920622663,0.675848942,0.930025187,0.902585588,0.666666667,0.926443303,0
E64,0.000986193,1.51E-05,4.10E-06,1,1,1,1,1,1,0.054002702,0.002176576,0.999906894,0.923141186,0.997245655,0.99988005,0.902981818,0.896491203,1,0.511574404,0.510621343,0.621051342,0.34883461,0.11498216,0.2423372,0.731432452,0.538518466,0.000654403,0.058724597,0.022440099,0.930873085,0.998516135,0.821020335,0.800429424,0.99270067,0.951127294,1,1,0
E65,0.018387733,0.000763977,0.000504305,0.989459816,0.998514949,0.999044723,0.893696764,0.88304157,1,0.019042391,0.001821484,0.998858878,0.974937343,0.995414166,0.997163555,0.910309278,0.80398804,0.951282053,0.50983268,0.51021486,0.620582565,0.376921281,0.122330817,0.239922578,0.670168457,0.524963939,0.019413946,0.025928521,0.023698422,0.829567101,0.994379918,0.861840411,0.667578116,0.948722083,0.882477449,0.666666667,1,0
E66,0.018260482,0.00088105,0.000354282,0.997364954,0.999659385,0.999894277,0.972963601,0.975375743,0.988173916,0.026346901,0.001162274,0.999575406,0.957393484,0.997393405,0.999079575,0.891089837,0.823994094,0.969745223,0.508816368,0.510814899,0.620345484,0.279414984,0.1269681,0.240802404,0.731432452,0.427469038,0.01599651,0.05648213,0.032663975,0.616821208,0.993874655,0.865538602,0.59611184,0.959985812,0.949062975,0.666666667,0.972219177,0
E67,0.019914742,0.000213226,7.29E-05,0.973649539,0.999626991,0.999878553,0.758887172,0.894026132,0.978309408,0.007937848,0.001374085,0.99973297,0.980785297,0.996164094,0.999272818,0.844883721,0.785192062,0.950520833,0.510240344,0.510530006,0.620549728,0.680380705,0.110770671,0.241617928,0.327972657,0.597237386,0.026757798,0.0100911,0.02306926,0.762689302,0.999214645,0.321274601,0.701613111,0.921467429,0.787149777,0.666666667,0.926443303,0
E68,6.36E-05,7.55E-08,2.92E-08,1,1,1,1,1,1,0.002575578,0.001434337,0.999858296,0.993316625,0.996589041,0.999662515,0.84109589,0.814087766,1,0.510685775,0.510556738,0.617595119,0,0.118979468,0.242322371,1,0.540059616,7.27E-05,0.002662929,0.001048603,0.950133799,0.999986448,0.943054025,0.920142741,0.955138766,0.832672428,0.333333333,0,0
E69,0,5.03E-07,8.82E-08,1,1,1,1,1,1,0.021913528,0.000886305,0.999827468,0.946532999,0.997488001,0.999537215,0.841908006,0.782937185,0.75780752,0.510009607,0.51052019,0.617595119,0.838244953,0.118979468,0.242322371,0.194297355,0.540059616,0,0.059285214,0,0.950133799,1,0.943054025,0.788115488,0.994817333,0.970472423,0.333333333,1,0
E70,0.056817459,0.000929295,0.000840241,0.944664032,0.998351956,0.998452631,0.820885729,0.892643599,0.977168436,0.019633508,0.002277621,0.997809706,0.908939014,0.989908508,0.990687441,0.726557093,0.678108769,0.905472638,0.510106967,0.509531357,0.617762091,0.279414984,0.113830005,0.241545358,0.864440223,0.551024158,0.060714026,0.024106517,0.052797148,0.837476483,0.997161228,0.865226385,0.783380573,0.937994623,0.701928485,0.666666667,0.926443303,0
E71,0.038302475,0.001723232,0.000117708,0.928853755,0.991291545,0.999508839,0.665448772,0.726185922,0.920995853,0.014989022,0.00299843,0.999999057,0.98663325,0.996899708,1,0.938133333,0.914548062,0.991179203,0.509612793,0.510921538,0.61763121,0.206893536,0.151034439,0.242312149,0.759090482,0.482501334,0.022104268,0.009810792,0.019608871,0.530119353,0.993956657,0,0.882331001,0.92822915,0.760016836,0.666666667,0.926443303,0
E72,0.003594834,0.000246189,0.000148282,0.996047431,0.999993059,0.999998711,0.799999997,0.998179896,0.880701752,0.007262287,0.001063519,0.999871557,0.939849624,0.999606724,0.999918789,0.579032257,0.968763203,1,0.509800185,0.510821277,0.620269027,0.401553929,0.127239916,0.242638709,0.821753665,0.531997328,0.002763034,0.006026629,0.004246841,0.94793615,0.985218223,0.786434073,1,0.917753843,0.892872664,0.333333333,1,0
E73,0.019055799,0.000134977,8.99E-05,0.992094862,0.999935486,0.999980985,0.922772278,0.969669567,0.977333336,0.009246749,0.001501359,0.99843533,0.989139515,0.997604969,0.997680324,0.920127118,0.871424628,0.900597906,0.510533464,0.509015924,0.618560561,0.248317147,0.119337532,0.241032772,0.781746158,0.539632075,0.016869047,0.011212334,0.016358203,0.706688018,0.99917557,0.883998656,0.436811506,0.918917723,0.887340799,0.333333333,1,0
E74,0.000572628,5.86E-05,2.79E-07,1,1,1,1,1,1,0.02144908,0.000971804,1,0.964076859,0.998098275,1,0.887657658,0.844936138,0.913411458,0.510013768,0.51072561,0.61789923,0.270982854,0.119348439,0.242325686,0.402243293,0.511809732,0.001163383,0.032095305,0.012845384,0.950133799,0.995048277,0.812454417,0.671597871,0.995883238,0.874261811,0.666666667,0.972219177,0
E75,0.017083413,0.000444962,0.000184689,0.981554677,0.999839924,0.999939375,0.802173911,0.977063906,0.97472119,0.340314136,0.001577911,0.999694138,0.506265664,0.996289691,0.999316448,0.900987868,0.8158931,0.995287699,0.510088012,0.510671459,0.618330733,0.217206418,0.123592992,0.242416933,0.773698974,0.533761089,0.025230859,0.327680448,0.140774917,0.574322446,0.996815228,0.304198913,0.872209969,0.99708856,0.917705652,0.333333333,0.926443303,0
E76,0.010975377,0.000150792,7.03E-05,0.994729908,0.999964089,0.999991024,0.910857146,0.984750069,0.960693641,0.009246749,0.000982626,0.999579392,0.981620718,0.998478533,0.999439402,0.869795919,0.87533177,0.985799701,0.50986661,0.510343076,0.618942381,0.317862441,0.119731005,0.241271011,0.653436607,0.527466005,0.007271141,0.010932025,0.009332564,0.823147977,0.997795899,0.470626593,0.540195873,0.935252904,0.903421635,0.666666667,0.926443303,0
E77,0.00165426,0.000130415,6.54E-05,0.998682477,0.999992619,0.999992233,0.855555552,0.996350959,1,0.010471204,0.001063308,0.999655583,0.994987469,0.99918104,0.999748539,0.96627907,0.935993645,0.924603174,0.51000153,0.510425429,0.617595119,0,0.10839985,0.242322371,1,0.59443756,0.001381517,0.001401542,0.001520474,0.916677032,0.993370876,0.832643035,0,0.941250111,0.918394154,0.333333333,0.972219177,0
E78,0.001622447,0.000560391,0.000592684,1,1,1,1,1,1,0.010302314,0.002266045,0.998751413,0.983291562,0.995008163,0.997789473,0.891791044,0.826272529,1,0.510735099,0.510235414,0.617595119,0,0.118494349,0.242322371,1,0.533816638,0.000363557,0.002382621,0.001153463,1,0.984714839,0.937175462,0.726894318,0.928993177,0.914313364,0.333333333,1,0
E79,0.004803716,0.000508298,0.000445266,0.997364954,0.999972207,0.999990845,0.898701298,0.996473381,1,0.002955582,0.000800383,0.999672018,0.989974937,0.998015793,0.999375515,0.797674418,0.807772921,1,0.509019453,0.511082423,0.618435998,0.279414984,0.142947398,0.242194305,0.731432452,0.521676776,0.00414455,0.003924317,0.004456562,0.747460749,0.993065798,0.502075649,0.859310142,0.916087188,0.820577096,0.666666667,0.972219177,0
E80,0.012375135,0.000428744,0.00015382,0.993412385,0.999990336,0.999993468,0.901265821,0.998544482,1,0.001815572,0.000880113,0.999738938,0.999164578,0.99945366,0.999832247,0.969791667,0.948184766,1,0.50925625,0.510672917,0.622823871,0.279414984,0.121850115,0.240354177,0.731432452,0.528385479,0.012070094,0.004765242,0.010486027,0.877098557,0.984962698,0.424359083,0.882331001,0.953341453,0.907174851,0.333333333,1,0
E81,0.006489788,0.000341391,0.000329086,0.992094862,0.999595665,0.999601114,0.778199051,0.926766291,0.900487808,0.025544672,0.00082271,0.999163174,0.966583124,0.998809047,0.998803889,0.910631741,0.883172554,0.984400658,0.509337616,0.510282572,0.618027024,0.219724562,0.117674889,0.241777483,0.805936383,0.546564857,0.006035047,0.029852838,0.015519321,0.701011703,0.995344711,0.845341853,0.690161128,0.994099414,0.940599221,1,0.972219177,0
E82,0.009861933,0.000256847,0.000244268,0.994729908,0.99967562,0.999664467,0.900952378,0.922135352,0.934405147,0.01397568,0.000712434,0.999258863,0.993316625,0.999546649,0.999554278,0.966180758,0.947037733,0.981094528,0.509348931,0.510253996,0.617518189,0.100293994,0.11709571,0.242311873,0.881460218,0.550232395,0.010688577,0.014295725,0.013055104,0.579772588,0.997583761,0.911423674,0.490162941,0.996416071,0.716670275,0,1,1
E83,0.085830629,0.006072143,0.00300909,0.748353096,0.984618897,0.993171614,0.484498272,0.850708006,0.861430158,0.027233575,0.000822483,0.999839771,0.952380952,0.998588792,0.999740013,0.882932011,0.862972756,0.985362096,0.499357971,0.515584037,0.606433529,0.372452239,0.119016498,0.248855771,0.679103859,0.540893562,0.091689086,0.001401542,0.066638704,0.638717475,0.993259199,0.884824049,0.828013946,0.99412577,0.721447814,0.666666667,0.972219177,0
E84,0.00165426,0.000249665,0.000251021,0.998682477,0.999982306,0.999993428,0.855555552,0.995432161,1,0.018620166,0.001179385,0.998820968,0.95572264,0.995502878,0.995525189,0.845682731,0.71766045,0.957303371,0.509936932,0.509744774,0.619732537,0.656611708,0.123983001,0.239697035,0.420941756,0.524371298,0.000581691,0.02789068,0.010853038,0.887839319,0.989702665,0.925777429,0.661582397,0.967323806,0.901207372,1,0.972219177,0
E85,0.00722148,7.10E-05,2.66E-05,0.998682477,0.999983178,0.999996876,0.965938866,0.984842857,0.970175438,0.010260091,0.000645338,0.999873916,0.961570593,0.997834691,0.999594321,0.772354949,0.748735109,1,0.509589784,0.510619943,0.619548903,0.253397907,0.119546535,0.241788936,0.759135037,0.530541335,0.008579946,0.006867554,0.008755833,0.86259873,0.997728338,0.466508848,0.578362396,0.958123484,0.53051343,0.666666667,0.926443303,0
E86,0.004326525,0.000301402,1.12E-05,0.998682477,0.999904318,0.999999153,0.943478259,0.979729094,0.950364964,0.000633339,0.000523501,0.999897401,0.997493734,0.988091626,0.997806124,0.802272728,0.003717693,0,0.509038492,0.510622002,0.613335686,0.333520806,0.111362859,0.243078318,0.731432452,0.533681587,0.003708282,0.000420463,0.002831227,0.815084949,0.993109945,0.472180688,0.979784394,0.301705156,0.88995229,0.333333333,0.972219177,0
E87,0.011770694,0.000269583,0.000176124,0.989459816,0.999637248,0.999649542,0.835356204,0.917286636,1,0.002828914,0.00095472,0.999351011,0.997493734,0.998916383,0.999303121,0.941216216,0.907131186,1,0.509625358,0.510249191,0.619011869,0.242909039,0.121781015,0.241978097,0.878200399,0.52138598,0.014178725,0.003644008,0.01158706,0.824329091,0.996899437,0.782350353,0.761729668,0.908666546,0.22694136,0.333333333,1,1
E88,0.006776102,0.000112766,3.96E-05,1,1,1,1,1,1,0.015200135,0.00061242,0.999691008,0.969924812,0.998468001,0.999463898,0.8695,0.806776741,0.965201465,0.509476566,0.510424277,0.619592129,0.403183147,0.05302761,0.23976803,0.269681522,0.455651925,0.007053007,0.021303434,0.013055104,0.887305403,0.999188888,0.656469874,0.804934991,0.994615751,0.843239297,1,1,0
E89,0.001972387,0.000450401,0.000146343,0.997364954,0.999543975,0.99985871,0.759999998,0.93699713,1,0.006797838,0.000449499,0.99953358,0.994152047,0.999372782,0.999377183,0.940988373,0.888082656,1,0.508687826,0.510416247,0.618478457,0.567819949,0.059280652,0.241213438,0.493769047,0.839051023,0.001745074,0.005466013,0.003303099,0.93965953,0.988272613,0.381421393,0.79876661,0.964251398,0.918047709,1,0.972219177,0
E90,0.0042629,0.000127223,2.98E-05,0.994729908,0.999866809,0.999975266,0.775539571,0.934953755,1,0.007726735,0.00079036,0.999692082,0.93817878,0.99234619,0.997179883,0.588888889,0.409740728,0.898395724,0.509670692,0.510409161,0.619838902,0.566380145,0.12623735,0.240795237,0.434707088,0.498657776,0.007852832,0.007848633,0.008598542,0.879247393,0.997457802,0.708107924,0.686892986,0.936076229,0.121465858,0.333333333,0.926443303,0
E91,0.005312719,0.000226313,0.000216698,0.988142292,0.999522909,0.99953147,0.603389827,0.873911166,0.959523809,0.005024489,0.000565627,0.999432412,0.994987469,0.999144607,0.999237303,0.932558139,0.878807716,0.974254744,0.509221167,0.510414042,0.618074285,0.313497165,0.119409768,0.241602108,0.722873522,0.536521353,0.004798953,0.006166783,0.005767315,0.700168305,0.997474558,0.446386728,0.824660577,0.954668713,0.891026625,1,0.926443303,0
E92,0.006712477,2.58E-05,1.20E-05,0.998682477,0.999998344,0.999999693,0.963380279,0.995875682,1,0.001351123,0.000534674,0.999895247,0.997493734,0.998673067,0.999755539,0.888461538,0.808519013,0.824074073,0.509532121,0.51062068,0.620751723,1,0.215331553,0.241468266,0,0,0.008289101,0.0033637,0.007235359,0.816359101,0.999509826,0.571315132,0.882331001,0.94821596,0.85127736,0.333333333,0.972219177,0
E93,0.006585226,4.97E-05,1.91E-05,0.993412385,0.999856383,0.999972518,0.816901411,0.831931244,0.967307695,0.005784496,0.000354267,0.999930022,0.994152047,0.99963481,0.999932721,0.931418919,0.916538824,0.887706856,0.509268218,0.51067407,0.618047606,0.368542842,0.110103945,0.242214573,0.636956859,0.569308297,0.007707409,0.004905396,0.007392649,0.835270735,0.999354845,0.820917028,0.712554421,0.969168839,0.319290334,0.666666667,0.926443303,0
E94,9.54E-05,2.40E-06,2.55E-06,1,1,1,1,1,1,0.007346732,0.000250265,0.999950069,0.984962406,0.999296172,0.999870334,0.866836734,0.789140145,0.83988764,0.509222415,0.510670069,0.617595119,0.838244953,0.118979468,0.242322371,0.194297355,0.540059616,7.27E-05,0.009390329,0.003565249,0.950133799,0.998256786,0.943054025,0.860765662,0.992491622,0.813819812,0.333333333,1,0
E95,9.54E-05,1.41E-07,5.44E-08,1,1,1,1,1,1,0.036311434,0.000559565,0.999890448,0.959064327,0.999163341,0.999845861,0.922179628,0.88011654,1,0.509607547,0.510595002,0.61763143,0.838244953,0.118979468,0.242312237,0.194297355,0.540059616,7.27E-05,0.019761738,0.007445079,0.950133799,0.999997655,0.943054025,0.846183417,0.993828721,0.902622533,0.666666667,1,0
E96,0.000318127,0.00040363,0.000130372,1,1,1,1,1,1,0.000591116,0.000344958,0.999931816,0.998329156,0.999454861,0.999832616,0.855,0.874840134,1,0.508640428,0.510862856,0.617595119,0,0.125952365,0.242322371,1,0.504039837,0.000145423,0.002382621,0.000996173,0.950133799,0.831833122,0.67529613,0.882331001,0.943883172,0.895979699,0.333333333,0.926443303,0
E97,0.000254501,3.22E-06,1.24E-06,1,1,1,1,1,1,0.010597872,0.000230146,0.999953947,0.992481203,0.999950246,0.999990834,0.950568182,0.982146407,0.950326796,0.509196193,0.51067248,0.618224659,0.838244953,0.116453519,0.242148722,0.194297355,0.553417291,0.000436268,0.023405746,0.009070414,0.813168719,0.999661129,0.955190447,0.833713746,0.992688491,0.504329245,0.666666667,0.972219177,0
E98,0.001558822,3.47E-05,1.11E-05,0.998682477,0.999999114,0.999999671,0.847058824,0.998350842,0.864,0.005446715,0.000336359,0.999933834,0.983291562,0.997899038,0.999638981,0.810457517,0.58095164,0.857142857,0.509272362,0.510665175,0.617655486,0.279414984,0.112953878,0.242305574,0.686427059,0.500550064,0.000872537,0.009670638,0.004246841,0.904164894,0.99671235,0.435162542,0.735457363,0.962007192,0.326586341,0.666666667,0.926443303,0
E99,0.027677038,0.00071929,0.00045192,0.988142292,0.989729485,0.993976491,0.92022727,0.402704052,0.914121699,4.22E-05,0.000281759,0.999915052,0.997493734,0.998207749,0.999669793,0.45625,0.576501685,1,0.508012858,0.511382498,0.618185023,0.308387123,0.119961738,0.241831311,0.56290911,0.795017101,0.038973315,0.000420463,0.028259844,0.837308748,0.988425039,0.248814928,0.882331001,0.685997434,0.964299063,0,0.972219177,1
E100,0.001813323,3.62E-06,2.51E-06,1,1,1,1,1,1,0.003968924,0.000156347,0.999968172,0.999164578,0.999886587,0.999979106,0.985353535,0.942267864,0.515306124,0.509104538,0.510691511,0.61774031,0.278411414,0.120690939,0.242287799,0.748738859,0.531942086,0.001963208,0.004204625,0.002988518,0.871078328,0.999866266,0.521030637,0.753119,0.972544159,0,0,0.972219177,1
E101,0.00047719,7.94E-06,8.11E-06,1,1,1,1,1,1,0.001182233,7.50E-05,0.999918089,0.974101921,0.998315857,0.998377146,0.286507936,0.058346653,1,0.508996735,0.510641371,0.617595119,0,0.118979468,0.242322371,1,0.540059616,0.000363557,0.001401542,0.000786452,0.853830227,0.997666482,0.558249341,0.882331001,0.975699639,0.937787517,0,0.972219177,1
E102,0.022555195,0.000552999,0.000538735,0.973649539,0.999794713,0.999843557,0.786301372,0.976342174,0.932957746,0.006206722,8.48E-05,0.999907816,0.978279031,0.999867553,0.99987627,0.78700565,0.88450116,0.937086092,0.508059719,0.511519576,0.617220772,0.479841413,0.106000809,0.242734366,0.59017708,0.600643698,0.019559369,0.008549404,0.017301945,0.546811751,0.99795039,0.612300766,0.875247827,0.991911373,0.880922437,0,1,1
E103,0.005344531,0.000118793,6.22E-05,0.996047431,0.999865295,0.999950554,0.863953492,0.9297719,1,0.00211113,0.000409942,0.99981031,0.991645781,0.998616291,0.999070556,0.7734375,0.749111788,0.88271605,0.509216526,0.51060401,0.619896675,0.318762685,0,0.241129126,0.704419765,0.389879428,0.007271141,0.005606167,0.007340219,0.541889961,0.996734661,0.245948077,0.87556093,0.914674092,0.363760688,0,0.926443303,1
E104,0,0,0,1,1,1,1,1,1,0.000633339,5.58E-05,0.999987548,0.998329156,0.999886587,0.999979106,0.861904762,0.858617745,0.833333333,0.508986957,0.510710339,0.617595119,0.838244953,0.112006571,0.242322371,0.194297355,0.576079396,7.27E-05,0.001962158,0.000786452,0.950133799,1,0.943054025,0.882331001,0.95489005,0.945997744,0.333333333,0.926443303,0
E105,0.000159063,1.25E-06,1.15E-06,1,1,1,1,1,1,0.004940044,0.000218689,0.999956155,0.999164578,0.999942176,0.999982245,0.988114755,0.97824747,0.895316805,0.509185504,0.510674951,0.617595119,0,0.118979468,0.242322371,1,0.540059616,0.000145423,0.004064471,0.001625334,0.950133799,0.999651432,1,0.882331001,0.99439165,0.849274789,0.333333333,1,0
E106,0.001081631,8.72E-06,2.36E-06,0.998682477,0.99996016,0.999992601,0.783333331,0.749569551,1,0.005657828,0.000135367,0.999972141,0.987468672,0.999685435,0.999940339,0.857843137,0.827145985,0.908212561,0.50906981,0.510695988,0.617891365,0.426372254,0.117943466,0.242238802,0.598809216,0.538626604,0.000654403,0.008128942,0.003512819,0.950133799,0.999315154,0.824271542,0.82338723,0.993050654,0.82857121,0.666666667,0.926443303,0
E107,0.000254501,1.82E-05,7.00E-06,1,1,1,1,1,1,0.001266678,0.000184741,0.999925398,0.983291562,0.999418678,0.999785806,0.462962963,0.769372304,1,0.5091142,0.510648211,0.617595119,0,0.125952365,0.242322371,1,0.504039837,0.000218134,0.002943238,0.001258323,0.950133799,0.994583963,0.760063676,0.428935354,0.920697851,0.471742746,0,0.926443303,1
E108,0.006903353,1.72E-05,7.74E-06,1,1,1,1,1,0.875229357,0.001224455,3.83E-05,0.999990923,1,1,1,1,1,0.904040405,0.508935362,0.510727332,0.617672593,0.838244953,0.113463194,0.24230277,0.194297355,0.568976851,0.008579946,0.002242467,0.007025638,0.854298988,0.999713264,0.428913955,0.882331001,0.992837132,0.791405445,0,1,1
E109,0.000286314,5.21E-07,1.09E-07,1,1,1,1,1,1,0.000802229,0.000100126,0.999977812,0.991645781,0.998717094,0.99976365,0.56060606,0.318993554,1,0.509040648,0.510698949,0.618419732,0.838244953,0.118979468,0.242089118,0.194297355,0.540059616,0.000436268,0.002382621,0.001205893,0.950133799,0.999960452,0.78616674,0.866436052,0.947313435,0.656212431,0,0.972219177,1
E110,6.36E-05,1.22E-07,6.80E-08,1,1,1,1,1,1,0.002448911,3.97E-05,0.999990664,0.98245614,0.999588437,0.999924177,0.63313253,0.458763777,1,0.508966821,0.510714158,0.617596325,0.838244953,0.118979468,0.242322179,0.194297355,0.540059616,7.27E-05,0.002943238,0.001153463,0.950133799,0.999973172,0.943054025,0.737743575,0.99253416,0.924538602,0.333333333,1,0
E111,0.008366737,8.52E-05,4.45E-05,0.981554677,0.999505451,0.9995609,0.607194246,0.692891591,0.896969698,0.00844452,0.00016904,0.999753176,0.961570593,0.995992926,0.99632705,0.7332,0,0.565359477,0.50897819,0.510506431,0.617786393,0.279414984,0.118823074,0.241910972,0.83818905,0.541469967,0.010179597,0.014716188,0.012845384,0.754460754,0.997526801,0.553940683,0.55747228,0.938461241,0.479586143,0,0.926443303,1
E112,0.003213081,0.000137595,0.000145001,0.994729908,0.999732699,0.999723879,0.705660377,0.88313757,0.866666668,0.000506671,0.000221508,0.999749488,0.994987469,0.997085734,0.99696695,0.604545454,0.286010049,0.802083334,0.508951548,0.51067066,0.617595119,0,0.126085062,0.242322371,1,0.503403256,0.000436268,0,0,0.581308407,0.997613363,0.688110696,0.536536017,0.936046006,0.972016996,0,0.972219177,1
E113,0.003213081,0.000224498,7.57E-05,0.997364954,0.999998245,0.999999348,0.850000002,0.99949495,1,0.00114001,6.10E-05,0.999927433,0.98663325,0.999943606,0.999944591,0.506382978,0.932376103,1,0.508602368,0.510765924,0.617599969,0.277617392,0.105193981,0.242316419,0.779637704,0.587915824,0.000436268,0.000560617,0.000524301,0.93133467,0.993406714,0.263042614,0.882331001,0.990604598,0.974783904,0,0.926443303,1
E114,0.002163263,9.86E-05,8.71E-05,0.990777339,0.99976746,0.999855381,0.281578947,0.860174878,1,0.002617801,4.52E-05,0.999989588,0.992481203,0.99980023,0.999962649,0.826,0.723261037,0.952020203,0.508802263,0.510858846,0.617218805,0.307284009,0.137179786,0.242898158,0.731140395,0.477109938,0.002544899,0.001121233,0.002254496,0.841353642,0.995834291,0.72032774,0.919412527,0.994959539,0.75579878,0,0.972219177,1
E115,3.18E-05,4.60E-08,1.77E-08,1,1,1,1,1,1,0,4.89E-06,0.999997367,0.998329156,0.999710797,0.99994672,0.516666667,0.031947874,1,0.508924095,0.510722042,0.617595119,0.838244953,0.118979468,0.242322371,0.194297355,0.540059616,0,0.000280308,0,0.950133799,0.999999724,0.943054025,0.882331001,0.967775461,0.967922216,0,0.972219177,1
E116,0.000286314,4.08E-07,2.07E-07,1,1,1,1,1,1,0.001646681,4.81E-05,0.999989028,0.996658312,0.999848713,0.99997191,0.876595745,0.793272985,1,0.508976783,0.510712446,0.617595119,0,0.119079321,0.242322371,1,0.549884085,0.000218134,0.000280308,0.000262151,0.950133799,0.999968071,0.934387586,0.882331001,0.992763943,0.815399579,0,0.972219177,1
E117,9.54E-05,1.12E-06,4.43E-07,1,1,1,1,1,1,0.000928897,0.000119947,0.999997129,0.984962406,0.998870455,0.99998614,0.406818182,0.445850757,1,0.509064029,0.510722472,0.617595119,0,0.125952365,0.242322371,1,0.504039837,0,0,0,0.950133799,0.999660745,0.856454132,0.038689657,0.961067083,0.854450167,0,0.926443303,1
E118,0.00082713,1.08E-05,6.14E-06,0.997364954,0.999590732,0.999670654,0.462068967,0,1,0.005573383,5.83E-05,0.999987047,0.993316625,0.999762774,0.999956296,0.919444444,0.733802497,0.976715687,0.50897124,0.510720052,0.617595447,0.838244953,0.112013768,0.242322815,0.194297355,0.575838408,0.001599651,0.002662929,0.002149636,0.952113736,0.998515576,0.596539787,0.882331001,0.985732306,0.360118977,0,0.972219177,1
E119,0.009957371,3.82E-05,3.36E-05,0.998682477,0.999999756,0.999999744,0.975238097,0.999588505,0.978343952,0.000591116,0,0.999998309,0.997493734,0.999997165,0.999999478,0.792857143,0.972426278,1,0.508851626,0.510779453,0.617575438,0.629152565,0.139122514,0.242355285,0.351818854,0.479506762,0.007925544,0.001261388,0.006186756,0.455628379,0.999680901,0.908044061,0.882331001,0.999426641,0.991249922,0,1,1
E120,0.001081631,3.11E-06,1.47E-06,0.998682477,0.99995376,0.999982826,0.783333331,0.392358356,1,0.000211113,3.81E-05,0.99999096,0.983291562,1,1,0,1,1,0.508959728,0.510716866,0.617595119,0,0.118979468,0.242322371,1,0.540059616,0.00101796,0.000840925,0.001048603,0.950368596,0.999588477,0.550247429,0.882331001,0.941738364,1,0,0.926443303,1
E121,0.001558822,0.000186819,0.000198848,1,1,1,1,1,0.864,0.006713393,1.62E-05,0.999979732,0.980785297,0.999981401,0.99998849,0.820698925,0.937504915,1,0.508612775,0.511034722,0.617595119,0,0.125341958,0.242322371,1,0.507466088,0.000218134,0,0,0.439284087,0.993025723,0.875688098,0.883636754,1,0.746280442,0,1,1
E122,0.001463384,8.77E-06,3.42E-06,0.998682477,0.999995862,0.999998463,0.837500002,0.970210438,0.855319148,0.004137815,5.72E-06,0.999997126,0.98663325,0.999850169,0.999960694,0.803389831,0.377057158,0.751633986,0.508909922,0.51072747,0.617597775,0,0.120497339,0.242321919,1,0.538127027,0.000727114,0.003503854,0.001835055,0.468206137,0.999320395,0.537346891,0.879911696,0.998390129,0.724620099,0,1,1
E123,6.36E-05,9.20E-08,3.55E-08,1,1,1,1,1,1,0.001224455,4.05E-05,0.99995682,0.9732665,0.999786967,0.99988755,0.286153846,0.683541358,1,0.508967878,0.510673871,0.617688256,0.838244953,0.118979468,0.242296242,0.194297355,0.540059616,7.27E-05,0.001541696,0.000629162,0.950133799,0.999999724,0.943054025,0.821004707,0.991169015,0.364874216,0,0.926443303,1
